id,name,email
1,User_1,user1@mail.com
2,User_2,user2@mail.com
3,User_3,user3@mail.com
4,User_4,user4@mail.com
5,User_5,user5@mail.com
6,User_6,user6@mail.com
7,User_7,user7@mail.com
8,User_8,user8@mail.com
9,User_9,user9@mail.com
10,User_10,user10@mail.com
11,User_11,user11@mail.com
12,User_12,user12@mail.com
13,User_13,user13@mail.com
14,User_14,user14@mail.com
15,User_15,user15@mail.com
16,User_16,user16@mail.com
17,User_17,user17@mail.com
18,User_18,user18@mail.com
19,User_19,user19@mail.com
20,User_20,user20@mail.com
21,User_21,user21@mail.com
22,User_22,user22@mail.com
23,User_23,user23@mail.com
24,User_24,user24@mail.com
25,User_25,user25@mail.com
26,User_26,user26@mail.com
27,User_27,user27@mail.com
28,User_28,user28@mail.com
29,User_29,user29@mail.com
30,User_30,user30@mail.com
31,User_31,user31@mail.com
32,User_32,user32@mail.com
33,User_33,user33@mail.com
34,User_34,user34@mail.com
35,User_35,user35@mail.com
36,User_36,user36@mail.com
37,User_37,user37@mail.com
38,User_38,user38@mail.com
39,User_39,user39@mail.com
40,User_40,user40@mail.com
41,User_41,user41@mail.com
42,User_42,user42@mail.com
43,User_43,user43@mail.com
44,User_44,user44@mail.com
45,User_45,user45@mail.com
46,User_46,user46@mail.com
47,User_47,user47@mail.com
48,User_48,user48@mail.com
49,User_49,user49@mail.com
50,User_50,user50@mail.com
51,User_51,user51@mail.com
52,User_52,user52@mail.com
53,User_53,user53@mail.com
54,User_54,user54@mail.com
55,User_55,user55@mail.com
56,User_56,user56@mail.com
57,User_57,user57@mail.com
58,User_58,user58@mail.com
59,User_59,user59@mail.com
60,User_60,user60@mail.com
61,User_61,user61@mail.com
62,User_62,user62@mail.com
63,User_63,user63@mail.com
64,User_64,user64@mail.com
65,User_65,user65@mail.com
66,User_66,user66@mail.com
67,User_67,user67@mail.com
68,User_68,user68@mail.com
69,User_69,user69@mail.com
70,User_70,user70@mail.com
71,User_71,user71@mail.com
72,User_72,user72@mail.com
73,User_73,user73@mail.com
74,User_74,user74@mail.com
75,User_75,user75@mail.com
76,User_76,user76@mail.com
77,User_77,user77@mail.com
78,User_78,user78@mail.com
79,User_79,user79@mail.com
80,User_80,user80@mail.com
81,User_81,user81@mail.com
82,User_82,user82@mail.com
83,User_83,user83@mail.com
84,User_84,user84@mail.com
85,User_85,user85@mail.com
86,User_86,user86@mail.com
87,User_87,user87@mail.com
88,User_88,user88@mail.com
89,User_89,user89@mail.com
90,User_90,user90@mail.com
91,User_91,user91@mail.com
92,User_92,user92@mail.com
93,User_93,user93@mail.com
94,User_94,user94@mail.com
95,User_95,user95@mail.com
96,User_96,user96@mail.com
97,User_97,user97@mail.com
98,User_98,user98@mail.com
99,User_99,user99@mail.com
100,User_100,user100@mail.com
101,User_101,user101@mail.com
102,User_102,user102@mail.com
103,User_103,user103@mail.com
104,User_104,user104@mail.com
105,User_105,user105@mail.com
106,User_106,user106@mail.com
107,User_107,user107@mail.com
108,User_108,user108@mail.com
109,User_109,user109@mail.com
110,User_110,user110@mail.com
111,User_111,user111@mail.com
112,User_112,user112@mail.com
113,User_113,user113@mail.com
114,User_114,user114@mail.com
115,User_115,user115@mail.com
116,User_116,user116@mail.com
117,User_117,user117@mail.com
118,User_118,user118@mail.com
119,User_119,user119@mail.com
120,User_120,user120@mail.com
121,User_121,user121@mail.com
122,User_122,user122@mail.com
123,User_123,user123@mail.com
124,User_124,user124@mail.com
125,User_125,user125@mail.com
126,User_126,user126@mail.com
127,User_127,user127@mail.com
128,User_128,user128@mail.com
129,User_129,user129@mail.com
130,User_130,user130@mail.com
131,User_131,user131@mail.com
132,User_132,user132@mail.com
133,User_133,user133@mail.com
134,User_134,user134@mail.com
135,User_135,user135@mail.com
136,User_136,user136@mail.com
137,User_137,user137@mail.com
138,User_138,user138@mail.com
139,User_139,user139@mail.com
140,User_140,user140@mail.com
141,User_141,user141@mail.com
142,User_142,user142@mail.com
143,User_143,user143@mail.com
144,User_144,user144@mail.com
145,User_145,user145@mail.com
146,User_146,user146@mail.com
147,User_147,user147@mail.com
148,User_148,user148@mail.com
149,User_149,user149@mail.com
150,User_150,user150@mail.com
151,User_151,user151@mail.com
152,User_152,user152@mail.com
153,User_153,user153@mail.com
154,User_154,user154@mail.com
155,User_155,user155@mail.com
156,User_156,user156@mail.com
157,User_157,user157@mail.com
158,User_158,user158@mail.com
159,User_159,user159@mail.com
160,User_160,user160@mail.com
161,User_161,user161@mail.com
162,User_162,user162@mail.com
163,User_163,user163@mail.com
164,User_164,user164@mail.com
165,User_165,user165@mail.com
166,User_166,user166@mail.com
167,User_167,user167@mail.com
168,User_168,user168@mail.com
169,User_169,user169@mail.com
170,User_170,user170@mail.com
171,User_171,user171@mail.com
172,User_172,user172@mail.com
173,User_173,user173@mail.com
174,User_174,user174@mail.com
175,User_175,user175@mail.com
176,User_176,user176@mail.com
177,User_177,user177@mail.com
178,User_178,user178@mail.com
179,User_179,user179@mail.com
180,User_180,user180@mail.com
181,User_181,user181@mail.com
182,User_182,user182@mail.com
183,User_183,user183@mail.com
184,User_184,user184@mail.com
185,User_185,user185@mail.com
186,User_186,user186@mail.com
187,User_187,user187@mail.com
188,User_188,user188@mail.com
189,User_189,user189@mail.com
190,User_190,user190@mail.com
191,User_191,user191@mail.com
192,User_192,user192@mail.com
193,User_193,user193@mail.com
194,User_194,user194@mail.com
195,User_195,user195@mail.com
196,User_196,user196@mail.com
197,User_197,user197@mail.com
198,User_198,user198@mail.com
199,User_199,user199@mail.com
200,User_200,user200@mail.com
201,User_201,user201@mail.com
202,User_202,user202@mail.com
203,User_203,user203@mail.com
204,User_204,user204@mail.com
205,User_205,user205@mail.com
206,User_206,user206@mail.com
207,User_207,user207@mail.com
208,User_208,user208@mail.com
209,User_209,user209@mail.com
210,User_210,user210@mail.com
211,User_211,user211@mail.com
212,User_212,user212@mail.com
213,User_213,user213@mail.com
214,User_214,user214@mail.com
215,User_215,user215@mail.com
216,User_216,user216@mail.com
217,User_217,user217@mail.com
218,User_218,user218@mail.com
219,User_219,user219@mail.com
220,User_220,user220@mail.com
221,User_221,user221@mail.com
222,User_222,user222@mail.com
223,User_223,user223@mail.com
224,User_224,user224@mail.com
225,User_225,user225@mail.com
226,User_226,user226@mail.com
227,User_227,user227@mail.com
228,User_228,user228@mail.com
229,User_229,user229@mail.com
230,User_230,user230@mail.com
231,User_231,user231@mail.com
232,User_232,user232@mail.com
233,User_233,user233@mail.com
234,User_234,user234@mail.com
235,User_235,user235@mail.com
236,User_236,user236@mail.com
237,User_237,user237@mail.com
238,User_238,user238@mail.com
239,User_239,user239@mail.com
240,User_240,user240@mail.com
241,User_241,user241@mail.com
242,User_242,user242@mail.com
243,User_243,user243@mail.com
244,User_244,user244@mail.com
245,User_245,user245@mail.com
246,User_246,user246@mail.com
247,User_247,user247@mail.com
248,User_248,user248@mail.com
249,User_249,user249@mail.com
250,User_250,user250@mail.com
251,User_251,user251@mail.com
252,User_252,user252@mail.com
253,User_253,user253@mail.com
254,User_254,user254@mail.com
255,User_255,user255@mail.com
256,User_256,user256@mail.com
257,User_257,user257@mail.com
258,User_258,user258@mail.com
259,User_259,user259@mail.com
260,User_260,user260@mail.com
261,User_261,user261@mail.com
262,User_262,user262@mail.com
263,User_263,user263@mail.com
264,User_264,user264@mail.com
265,User_265,user265@mail.com
266,User_266,user266@mail.com
267,User_267,user267@mail.com
268,User_268,user268@mail.com
269,User_269,user269@mail.com
270,User_270,user270@mail.com
271,User_271,user271@mail.com
272,User_272,user272@mail.com
273,User_273,user273@mail.com
274,User_274,user274@mail.com
275,User_275,user275@mail.com
276,User_276,user276@mail.com
277,User_277,user277@mail.com
278,User_278,user278@mail.com
279,User_279,user279@mail.com
280,User_280,user280@mail.com
281,User_281,user281@mail.com
282,User_282,user282@mail.com
283,User_283,user283@mail.com
284,User_284,user284@mail.com
285,User_285,user285@mail.com
286,User_286,user286@mail.com
287,User_287,user287@mail.com
288,User_288,user288@mail.com
289,User_289,user289@mail.com
290,User_290,user290@mail.com
291,User_291,user291@mail.com
292,User_292,user292@mail.com
293,User_293,user293@mail.com
294,User_294,user294@mail.com
295,User_295,user295@mail.com
296,User_296,user296@mail.com
297,User_297,user297@mail.com
298,User_298,user298@mail.com
299,User_299,user299@mail.com
300,User_300,user300@mail.com
301,User_301,user301@mail.com
302,User_302,user302@mail.com
303,User_303,user303@mail.com
304,User_304,user304@mail.com
305,User_305,user305@mail.com
306,User_306,user306@mail.com
307,User_307,user307@mail.com
308,User_308,user308@mail.com
309,User_309,user309@mail.com
310,User_310,user310@mail.com
311,User_311,user311@mail.com
312,User_312,user312@mail.com
313,User_313,user313@mail.com
314,User_314,user314@mail.com
315,User_315,user315@mail.com
316,User_316,user316@mail.com
317,User_317,user317@mail.com
318,User_318,user318@mail.com
319,User_319,user319@mail.com
320,User_320,user320@mail.com
321,User_321,user321@mail.com
322,User_322,user322@mail.com
323,User_323,user323@mail.com
324,User_324,user324@mail.com
325,User_325,user325@mail.com
326,User_326,user326@mail.com
327,User_327,user327@mail.com
328,User_328,user328@mail.com
329,User_329,user329@mail.com
330,User_330,user330@mail.com
331,User_331,user331@mail.com
332,User_332,user332@mail.com
333,User_333,user333@mail.com
334,User_334,user334@mail.com
335,User_335,user335@mail.com
336,User_336,user336@mail.com
337,User_337,user337@mail.com
338,User_338,user338@mail.com
339,User_339,user339@mail.com
340,User_340,user340@mail.com
341,User_341,user341@mail.com
342,User_342,user342@mail.com
343,User_343,user343@mail.com
344,User_344,user344@mail.com
345,User_345,user345@mail.com
346,User_346,user346@mail.com
347,User_347,user347@mail.com
348,User_348,user348@mail.com
349,User_349,user349@mail.com
350,User_350,user350@mail.com
351,User_351,user351@mail.com
352,User_352,user352@mail.com
353,User_353,user353@mail.com
354,User_354,user354@mail.com
355,User_355,user355@mail.com
356,User_356,user356@mail.com
357,User_357,user357@mail.com
358,User_358,user358@mail.com
359,User_359,user359@mail.com
360,User_360,user360@mail.com
361,User_361,user361@mail.com
362,User_362,user362@mail.com
363,User_363,user363@mail.com
364,User_364,user364@mail.com
365,User_365,user365@mail.com
366,User_366,user366@mail.com
367,User_367,user367@mail.com
368,User_368,user368@mail.com
369,User_369,user369@mail.com
370,User_370,user370@mail.com
371,User_371,user371@mail.com
372,User_372,user372@mail.com
373,User_373,user373@mail.com
374,User_374,user374@mail.com
375,User_375,user375@mail.com
376,User_376,user376@mail.com
377,User_377,user377@mail.com
378,User_378,user378@mail.com
379,User_379,user379@mail.com
380,User_380,user380@mail.com
381,User_381,user381@mail.com
382,User_382,user382@mail.com
383,User_383,user383@mail.com
384,User_384,user384@mail.com
385,User_385,user385@mail.com
386,User_386,user386@mail.com
387,User_387,user387@mail.com
388,User_388,user388@mail.com
389,User_389,user389@mail.com
390,User_390,user390@mail.com
391,User_391,user391@mail.com
392,User_392,user392@mail.com
393,User_393,user393@mail.com
394,User_394,user394@mail.com
395,User_395,user395@mail.com
396,User_396,user396@mail.com
397,User_397,user397@mail.com
398,User_398,user398@mail.com
399,User_399,user399@mail.com
400,User_400,user400@mail.com
401,User_401,user401@mail.com
402,User_402,user402@mail.com
403,User_403,user403@mail.com
404,User_404,user404@mail.com
405,User_405,user405@mail.com
406,User_406,user406@mail.com
407,User_407,user407@mail.com
408,User_408,user408@mail.com
409,User_409,user409@mail.com
410,User_410,user410@mail.com
411,User_411,user411@mail.com
412,User_412,user412@mail.com
413,User_413,user413@mail.com
414,User_414,user414@mail.com
415,User_415,user415@mail.com
416,User_416,user416@mail.com
417,User_417,user417@mail.com
418,User_418,user418@mail.com
419,User_419,user419@mail.com
420,User_420,user420@mail.com
421,User_421,user421@mail.com
422,User_422,user422@mail.com
423,User_423,user423@mail.com
424,User_424,user424@mail.com
425,User_425,user425@mail.com
426,User_426,user426@mail.com
427,User_427,user427@mail.com
428,User_428,user428@mail.com
429,User_429,user429@mail.com
430,User_430,user430@mail.com
431,User_431,user431@mail.com
432,User_432,user432@mail.com
433,User_433,user433@mail.com
434,User_434,user434@mail.com
435,User_435,user435@mail.com
436,User_436,user436@mail.com
437,User_437,user437@mail.com
438,User_438,user438@mail.com
439,User_439,user439@mail.com
440,User_440,user440@mail.com
441,User_441,user441@mail.com
442,User_442,user442@mail.com
443,User_443,user443@mail.com
444,User_444,user444@mail.com
445,User_445,user445@mail.com
446,User_446,user446@mail.com
447,User_447,user447@mail.com
448,User_448,user448@mail.com
449,User_449,user449@mail.com
450,User_450,user450@mail.com
451,User_451,user451@mail.com
452,User_452,user452@mail.com
453,User_453,user453@mail.com
454,User_454,user454@mail.com
455,User_455,user455@mail.com
456,User_456,user456@mail.com
457,User_457,user457@mail.com
458,User_458,user458@mail.com
459,User_459,user459@mail.com
460,User_460,user460@mail.com
461,User_461,user461@mail.com
462,User_462,user462@mail.com
463,User_463,user463@mail.com
464,User_464,user464@mail.com
465,User_465,user465@mail.com
466,User_466,user466@mail.com
467,User_467,user467@mail.com
468,User_468,user468@mail.com
469,User_469,user469@mail.com
470,User_470,user470@mail.com
471,User_471,user471@mail.com
472,User_472,user472@mail.com
473,User_473,user473@mail.com
474,User_474,user474@mail.com
475,User_475,user475@mail.com
476,User_476,user476@mail.com
477,User_477,user477@mail.com
478,User_478,user478@mail.com
479,User_479,user479@mail.com
480,User_480,user480@mail.com
481,User_481,user481@mail.com
482,User_482,user482@mail.com
483,User_483,user483@mail.com
484,User_484,user484@mail.com
485,User_485,user485@mail.com
486,User_486,user486@mail.com
487,User_487,user487@mail.com
488,User_488,user488@mail.com
489,User_489,user489@mail.com
490,User_490,user490@mail.com
491,User_491,user491@mail.com
492,User_492,user492@mail.com
493,User_493,user493@mail.com
494,User_494,user494@mail.com
495,User_495,user495@mail.com
496,User_496,user496@mail.com
497,User_497,user497@mail.com
498,User_498,user498@mail.com
499,User_499,user499@mail.com
500,User_500,user500@mail.com
501,User_501,user501@mail.com
502,User_502,user502@mail.com
503,User_503,user503@mail.com
504,User_504,user504@mail.com
505,User_505,user505@mail.com
506,User_506,user506@mail.com
507,User_507,user507@mail.com
508,User_508,user508@mail.com
509,User_509,user509@mail.com
510,User_510,user510@mail.com
511,User_511,user511@mail.com
512,User_512,user512@mail.com
513,User_513,user513@mail.com
514,User_514,user514@mail.com
515,User_515,user515@mail.com
516,User_516,user516@mail.com
517,User_517,user517@mail.com
518,User_518,user518@mail.com
519,User_519,user519@mail.com
520,User_520,user520@mail.com
521,User_521,user521@mail.com
522,User_522,user522@mail.com
523,User_523,user523@mail.com
524,User_524,user524@mail.com
525,User_525,user525@mail.com
526,User_526,user526@mail.com
527,User_527,user527@mail.com
528,User_528,user528@mail.com
529,User_529,user529@mail.com
530,User_530,user530@mail.com
531,User_531,user531@mail.com
532,User_532,user532@mail.com
533,User_533,user533@mail.com
534,User_534,user534@mail.com
535,User_535,user535@mail.com
536,User_536,user536@mail.com
537,User_537,user537@mail.com
538,User_538,user538@mail.com
539,User_539,user539@mail.com
540,User_540,user540@mail.com
541,User_541,user541@mail.com
542,User_542,user542@mail.com
543,User_543,user543@mail.com
544,User_544,user544@mail.com
545,User_545,user545@mail.com
546,User_546,user546@mail.com
547,User_547,user547@mail.com
548,User_548,user548@mail.com
549,User_549,user549@mail.com
550,User_550,user550@mail.com
551,User_551,user551@mail.com
552,User_552,user552@mail.com
553,User_553,user553@mail.com
554,User_554,user554@mail.com
555,User_555,user555@mail.com
556,User_556,user556@mail.com
557,User_557,user557@mail.com
558,User_558,user558@mail.com
559,User_559,user559@mail.com
560,User_560,user560@mail.com
561,User_561,user561@mail.com
562,User_562,user562@mail.com
563,User_563,user563@mail.com
564,User_564,user564@mail.com
565,User_565,user565@mail.com
566,User_566,user566@mail.com
567,User_567,user567@mail.com
568,User_568,user568@mail.com
569,User_569,user569@mail.com
570,User_570,user570@mail.com
571,User_571,user571@mail.com
572,User_572,user572@mail.com
573,User_573,user573@mail.com
574,User_574,user574@mail.com
575,User_575,user575@mail.com
576,User_576,user576@mail.com
577,User_577,user577@mail.com
578,User_578,user578@mail.com
579,User_579,user579@mail.com
580,User_580,user580@mail.com
581,User_581,user581@mail.com
582,User_582,user582@mail.com
583,User_583,user583@mail.com
584,User_584,user584@mail.com
585,User_585,user585@mail.com
586,User_586,user586@mail.com
587,User_587,user587@mail.com
588,User_588,user588@mail.com
589,User_589,user589@mail.com
590,User_590,user590@mail.com
591,User_591,user591@mail.com
592,User_592,user592@mail.com
593,User_593,user593@mail.com
594,User_594,user594@mail.com
595,User_595,user595@mail.com
596,User_596,user596@mail.com
597,User_597,user597@mail.com
598,User_598,user598@mail.com
599,User_599,user599@mail.com
600,User_600,user600@mail.com
601,User_601,user601@mail.com
602,User_602,user602@mail.com
603,User_603,user603@mail.com
604,User_604,user604@mail.com
605,User_605,user605@mail.com
606,User_606,user606@mail.com
607,User_607,user607@mail.com
608,User_608,user608@mail.com
609,User_609,user609@mail.com
610,User_610,user610@mail.com
611,User_611,user611@mail.com
612,User_612,user612@mail.com
613,User_613,user613@mail.com
614,User_614,user614@mail.com
615,User_615,user615@mail.com
616,User_616,user616@mail.com
617,User_617,user617@mail.com
618,User_618,user618@mail.com
619,User_619,user619@mail.com
620,User_620,user620@mail.com
621,User_621,user621@mail.com
622,User_622,user622@mail.com
623,User_623,user623@mail.com
624,User_624,user624@mail.com
625,User_625,user625@mail.com
626,User_626,user626@mail.com
627,User_627,user627@mail.com
628,User_628,user628@mail.com
629,User_629,user629@mail.com
630,User_630,user630@mail.com
631,User_631,user631@mail.com
632,User_632,user632@mail.com
633,User_633,user633@mail.com
634,User_634,user634@mail.com
635,User_635,user635@mail.com
636,User_636,user636@mail.com
637,User_637,user637@mail.com
638,User_638,user638@mail.com
639,User_639,user639@mail.com
640,User_640,user640@mail.com
641,User_641,user641@mail.com
642,User_642,user642@mail.com
643,User_643,user643@mail.com
644,User_644,user644@mail.com
645,User_645,user645@mail.com
646,User_646,user646@mail.com
647,User_647,user647@mail.com
648,User_648,user648@mail.com
649,User_649,user649@mail.com
650,User_650,user650@mail.com
651,User_651,user651@mail.com
652,User_652,user652@mail.com
653,User_653,user653@mail.com
654,User_654,user654@mail.com
655,User_655,user655@mail.com
656,User_656,user656@mail.com
657,User_657,user657@mail.com
658,User_658,user658@mail.com
659,User_659,user659@mail.com
660,User_660,user660@mail.com
661,User_661,user661@mail.com
662,User_662,user662@mail.com
663,User_663,user663@mail.com
664,User_664,user664@mail.com
665,User_665,user665@mail.com
666,User_666,user666@mail.com
667,User_667,user667@mail.com
668,User_668,user668@mail.com
669,User_669,user669@mail.com
670,User_670,user670@mail.com
671,User_671,user671@mail.com
672,User_672,user672@mail.com
673,User_673,user673@mail.com
674,User_674,user674@mail.com
675,User_675,user675@mail.com
676,User_676,user676@mail.com
677,User_677,user677@mail.com
678,User_678,user678@mail.com
679,User_679,user679@mail.com
680,User_680,user680@mail.com
681,User_681,user681@mail.com
682,User_682,user682@mail.com
683,User_683,user683@mail.com
684,User_684,user684@mail.com
685,User_685,user685@mail.com
686,User_686,user686@mail.com
687,User_687,user687@mail.com
688,User_688,user688@mail.com
689,User_689,user689@mail.com
690,User_690,user690@mail.com
691,User_691,user691@mail.com
692,User_692,user692@mail.com
693,User_693,user693@mail.com
694,User_694,user694@mail.com
695,User_695,user695@mail.com
696,User_696,user696@mail.com
697,User_697,user697@mail.com
698,User_698,user698@mail.com
699,User_699,user699@mail.com
700,User_700,user700@mail.com
701,User_701,user701@mail.com
702,User_702,user702@mail.com
703,User_703,user703@mail.com
704,User_704,user704@mail.com
705,User_705,user705@mail.com
706,User_706,user706@mail.com
707,User_707,user707@mail.com
708,User_708,user708@mail.com
709,User_709,user709@mail.com
710,User_710,user710@mail.com
711,User_711,user711@mail.com
712,User_712,user712@mail.com
713,User_713,user713@mail.com
714,User_714,user714@mail.com
715,User_715,user715@mail.com
716,User_716,user716@mail.com
717,User_717,user717@mail.com
718,User_718,user718@mail.com
719,User_719,user719@mail.com
720,User_720,user720@mail.com
721,User_721,user721@mail.com
722,User_722,user722@mail.com
723,User_723,user723@mail.com
724,User_724,user724@mail.com
725,User_725,user725@mail.com
726,User_726,user726@mail.com
727,User_727,user727@mail.com
728,User_728,user728@mail.com
729,User_729,user729@mail.com
730,User_730,user730@mail.com
731,User_731,user731@mail.com
732,User_732,user732@mail.com
733,User_733,user733@mail.com
734,User_734,user734@mail.com
735,User_735,user735@mail.com
736,User_736,user736@mail.com
737,User_737,user737@mail.com
738,User_738,user738@mail.com
739,User_739,user739@mail.com
740,User_740,user740@mail.com
741,User_741,user741@mail.com
742,User_742,user742@mail.com
743,User_743,user743@mail.com
744,User_744,user744@mail.com
745,User_745,user745@mail.com
746,User_746,user746@mail.com
747,User_747,user747@mail.com
748,User_748,user748@mail.com
749,User_749,user749@mail.com
750,User_750,user750@mail.com
751,User_751,user751@mail.com
752,User_752,user752@mail.com
753,User_753,user753@mail.com
754,User_754,user754@mail.com
755,User_755,user755@mail.com
756,User_756,user756@mail.com
757,User_757,user757@mail.com
758,User_758,user758@mail.com
759,User_759,user759@mail.com
760,User_760,user760@mail.com
761,User_761,user761@mail.com
762,User_762,user762@mail.com
763,User_763,user763@mail.com
764,User_764,user764@mail.com
765,User_765,user765@mail.com
766,User_766,user766@mail.com
767,User_767,user767@mail.com
768,User_768,user768@mail.com
769,User_769,user769@mail.com
770,User_770,user770@mail.com
771,User_771,user771@mail.com
772,User_772,user772@mail.com
773,User_773,user773@mail.com
774,User_774,user774@mail.com
775,User_775,user775@mail.com
776,User_776,user776@mail.com
777,User_777,user777@mail.com
778,User_778,user778@mail.com
779,User_779,user779@mail.com
780,User_780,user780@mail.com
781,User_781,user781@mail.com
782,User_782,user782@mail.com
783,User_783,user783@mail.com
784,User_784,user784@mail.com
785,User_785,user785@mail.com
786,User_786,user786@mail.com
787,User_787,user787@mail.com
788,User_788,user788@mail.com
789,User_789,user789@mail.com
790,User_790,user790@mail.com
791,User_791,user791@mail.com
792,User_792,user792@mail.com
793,User_793,user793@mail.com
794,User_794,user794@mail.com
795,User_795,user795@mail.com
796,User_796,user796@mail.com
797,User_797,user797@mail.com
798,User_798,user798@mail.com
799,User_799,user799@mail.com
800,User_800,user800@mail.com
801,User_801,user801@mail.com
802,User_802,user802@mail.com
803,User_803,user803@mail.com
804,User_804,user804@mail.com
805,User_805,user805@mail.com
806,User_806,user806@mail.com
807,User_807,user807@mail.com
808,User_808,user808@mail.com
809,User_809,user809@mail.com
810,User_810,user810@mail.com
811,User_811,user811@mail.com
812,User_812,user812@mail.com
813,User_813,user813@mail.com
814,User_814,user814@mail.com
815,User_815,user815@mail.com
816,User_816,user816@mail.com
817,User_817,user817@mail.com
818,User_818,user818@mail.com
819,User_819,user819@mail.com
820,User_820,user820@mail.com
821,User_821,user821@mail.com
822,User_822,user822@mail.com
823,User_823,user823@mail.com
824,User_824,user824@mail.com
825,User_825,user825@mail.com
826,User_826,user826@mail.com
827,User_827,user827@mail.com
828,User_828,user828@mail.com
829,User_829,user829@mail.com
830,User_830,user830@mail.com
831,User_831,user831@mail.com
832,User_832,user832@mail.com
833,User_833,user833@mail.com
834,User_834,user834@mail.com
835,User_835,user835@mail.com
836,User_836,user836@mail.com
837,User_837,user837@mail.com
838,User_838,user838@mail.com
839,User_839,user839@mail.com
840,User_840,user840@mail.com
841,User_841,user841@mail.com
842,User_842,user842@mail.com
843,User_843,user843@mail.com
844,User_844,user844@mail.com
845,User_845,user845@mail.com
846,User_846,user846@mail.com
847,User_847,user847@mail.com
848,User_848,user848@mail.com
849,User_849,user849@mail.com
850,User_850,user850@mail.com
851,User_851,user851@mail.com
852,User_852,user852@mail.com
853,User_853,user853@mail.com
854,User_854,user854@mail.com
855,User_855,user855@mail.com
856,User_856,user856@mail.com
857,User_857,user857@mail.com
858,User_858,user858@mail.com
859,User_859,user859@mail.com
860,User_860,user860@mail.com
861,User_861,user861@mail.com
862,User_862,user862@mail.com
863,User_863,user863@mail.com
864,User_864,user864@mail.com
865,User_865,user865@mail.com
866,User_866,user866@mail.com
867,User_867,user867@mail.com
868,User_868,user868@mail.com
869,User_869,user869@mail.com
870,User_870,user870@mail.com
871,User_871,user871@mail.com
872,User_872,user872@mail.com
873,User_873,user873@mail.com
874,User_874,user874@mail.com
875,User_875,user875@mail.com
876,User_876,user876@mail.com
877,User_877,user877@mail.com
878,User_878,user878@mail.com
879,User_879,user879@mail.com
880,User_880,user880@mail.com
881,User_881,user881@mail.com
882,User_882,user882@mail.com
883,User_883,user883@mail.com
884,User_884,user884@mail.com
885,User_885,user885@mail.com
886,User_886,user886@mail.com
887,User_887,user887@mail.com
888,User_888,user888@mail.com
889,User_889,user889@mail.com
890,User_890,user890@mail.com
891,User_891,user891@mail.com
892,User_892,user892@mail.com
893,User_893,user893@mail.com
894,User_894,user894@mail.com
895,User_895,user895@mail.com
896,User_896,user896@mail.com
897,User_897,user897@mail.com
898,User_898,user898@mail.com
899,User_899,user899@mail.com
900,User_900,user900@mail.com
901,User_901,user901@mail.com
902,User_902,user902@mail.com
903,User_903,user903@mail.com
904,User_904,user904@mail.com
905,User_905,user905@mail.com
906,User_906,user906@mail.com
907,User_907,user907@mail.com
908,User_908,user908@mail.com
909,User_909,user909@mail.com
910,User_910,user910@mail.com
911,User_911,user911@mail.com
912,User_912,user912@mail.com
913,User_913,user913@mail.com
914,User_914,user914@mail.com
915,User_915,user915@mail.com
916,User_916,user916@mail.com
917,User_917,user917@mail.com
918,User_918,user918@mail.com
919,User_919,user919@mail.com
920,User_920,user920@mail.com
921,User_921,user921@mail.com
922,User_922,user922@mail.com
923,User_923,user923@mail.com
924,User_924,user924@mail.com
925,User_925,user925@mail.com
926,User_926,user926@mail.com
927,User_927,user927@mail.com
928,User_928,user928@mail.com
929,User_929,user929@mail.com
930,User_930,user930@mail.com
931,User_931,user931@mail.com
932,User_932,user932@mail.com
933,User_933,user933@mail.com
934,User_934,user934@mail.com
935,User_935,user935@mail.com
936,User_936,user936@mail.com
937,User_937,user937@mail.com
938,User_938,user938@mail.com
939,User_939,user939@mail.com
940,User_940,user940@mail.com
941,User_941,user941@mail.com
942,User_942,user942@mail.com
943,User_943,user943@mail.com
944,User_944,user944@mail.com
945,User_945,user945@mail.com
946,User_946,user946@mail.com
947,User_947,user947@mail.com
948,User_948,user948@mail.com
949,User_949,user949@mail.com
950,User_950,user950@mail.com
951,User_951,user951@mail.com
952,User_952,user952@mail.com
953,User_953,user953@mail.com
954,User_954,user954@mail.com
955,User_955,user955@mail.com
956,User_956,user956@mail.com
957,User_957,user957@mail.com
958,User_958,user958@mail.com
959,User_959,user959@mail.com
960,User_960,user960@mail.com
961,User_961,user961@mail.com
962,User_962,user962@mail.com
963,User_963,user963@mail.com
964,User_964,user964@mail.com
965,User_965,user965@mail.com
966,User_966,user966@mail.com
967,User_967,user967@mail.com
968,User_968,user968@mail.com
969,User_969,user969@mail.com
970,User_970,user970@mail.com
971,User_971,user971@mail.com
972,User_972,user972@mail.com
973,User_973,user973@mail.com
974,User_974,user974@mail.com
975,User_975,user975@mail.com
976,User_976,user976@mail.com
977,User_977,user977@mail.com
978,User_978,user978@mail.com
979,User_979,user979@mail.com
980,User_980,user980@mail.com
981,User_981,user981@mail.com
982,User_982,user982@mail.com
983,User_983,user983@mail.com
984,User_984,user984@mail.com
985,User_985,user985@mail.com
986,User_986,user986@mail.com
987,User_987,user987@mail.com
988,User_988,user988@mail.com
989,User_989,user989@mail.com
990,User_990,user990@mail.com
991,User_991,user991@mail.com
992,User_992,user992@mail.com
993,User_993,user993@mail.com
994,User_994,user994@mail.com
995,User_995,user995@mail.com
996,User_996,user996@mail.com
997,User_997,user997@mail.com
998,User_998,user998@mail.com
999,User_999,user999@mail.com
1000,User_1000,user1000@mail.com
